#,"Country,
Other","Total
Cases","Total
Deaths","New
Deaths","Total
Recovered","Active
Cases","Serious,
Critical","Tot Cases/
1M pop","Deaths/
1M pop","Total
Tests","Tests/
1M pop",Population,#_binned,"Country,
Other_length","Country,
Other_word_count","Total
Cases_log","Total
Deaths_binned","Total
Deaths_log","Total
Recovered_binned","Total
Recovered_log","Active
Cases_binned","Serious,
Critical_binned","Tot Cases/
1M pop_binned","Deaths/
1M pop_binned","Deaths/
1M pop_log","Total
Tests_binned","Total
Tests_log","Tests/
1M pop_binned","Tests/
1M pop_log",Population_binned,Population_log
1,Usa,54.5,153.0,0,94962112.0,2120510.0,2970,293206.0,3239.0,1118158870.0,3339729.0,334805269.0,0,3,1,4.0163830207523885,0,5.0369526024136295,4,18.368988559492433,4,1,2,2,8.083328608786376,4,20.834949304445917,0,15.021400523361937,1,19.629059637196452
2,India,54.5,153.0,0,44019095.0,39583.0,698,31698.0,376.0,894416853.0,635857.0,1406631776.0,0,5,1,4.0163830207523885,0,5.0369526024136295,2,17.600134097731775,0,0,0,0,5.932245187448011,3,20.611682504105275,0,13.362730546953452,4,21.064463872938052
3,France,54.5,153.0,0,34527115.0,660757.0,869,538892.0,2365.0,271490188.0,4139547.0,65584518.0,0,6,1,4.0163830207523885,0,5.0369526024136295,1,17.357255544302614,1,0,3,1,7.768956044538332,1,19.41943656040541,0,15.236097161097103,0,17.998850235210437
4,Brazil,54.5,153.0,0,33838636.0,182094.0,8318,161162.0,3186.0,63776166.0,296146.0,215353593.0,0,6,1,4.0163830207523885,0,5.0369526024136295,1,17.337113814113348,0,4,1,2,8.066835314417336,0,17.97089012053112,0,12.598611231652114,0,19.187791858435883
5,Germany,54.5,153.0,0,32315200.0,847225.0,1406,397126.0,1788.0,122332384.0,1458359.0,83883596.0,0,7,1,4.0163830207523885,0,5.0369526024136295,1,17.29104829668145,1,0,2,1,7.489412083508719,0,18.62225236527709,0,14.192823074652846,0,18.244940645768114
6,S. Korea,54.5,153.0,42,24013461.0,727234.0,352,482547.0,553.0,15804065.0,307892.0,51329899.0,0,8,2,4.0163830207523885,0,5.0369526024136295,1,16.994125147723935,1,0,3,0,6.317164686747284,0,16.575777806662632,0,12.637507599000047,0,17.753783986356137
7,Uk,54.5,153.0,0,23347871.0,84162.0,146,344857.0,2773.0,522526476.0,7628357.0,68497907.0,0,2,1,4.0163830207523885,0,5.0369526024136295,1,16.966016403022504,0,0,2,2,7.928045600874777,2,20.074186214203582,1,15.847383176955642,0,18.042313762620108
8,Italy,54.5,153.0,0,21779604.0,476145.0,141,372250.0,2938.0,246636495.0,4092684.0,60262770.0,0,5,1,4.0163830207523885,0,5.0369526024136295,1,16.89648453940013,1,0,2,2,7.985824666418917,1,19.323426134499957,0,15.224711791848367,0,17.914225074678228
9,Japan,54.5,153.0,0,20380089.0,804449.0,204,169043.0,356.0,76201407.0,606772.0,125584838.0,0,5,1,4.0163830207523885,0,5.0369526024136295,1,16.830069001843313,1,0,1,0,5.877735781779639,0,18.148890498176453,0,13.315910029751324,0,18.648492096113777
10,Russia,54.5,153.0,0,19979763.0,581544.0,2300,143674.0,2655.0,273400000.0,1875095.0,145805947.0,0,6,1,4.0163830207523885,0,5.0369526024136295,1,16.81023051930311,1,1,1,2,7.884576510596324,1,19.426446485911768,0,14.444170416075973,0,18.79778717231714
11,Turkey,54.5,153.0,0,16754301.0,18353.0,975,197211.0,1182.0,162743369.0,1902052.0,85561976.0,0,6,1,4.0163830207523885,0,5.0369526024136295,0,16.63416561907957,0,0,1,0,7.075808863978387,0,18.907685100895975,0,14.458444387104077,0,18.26475154850339
12,Spain,54.5,153.0,0,13218892.0,79287.0,339,287083.0,2442.0,471036328.0,10082298.0,46719142.0,0,5,1,4.0163830207523885,0,5.0369526024136295,0,16.397157652119215,0,0,2,1,7.8009820712577405,2,19.97044578064102,2,16.126291869999083,0,17.659664552994087
13,Vietnam,54.5,153.0,0,10590917.0,843821.0,106,115993.0,436.0,85826548.0,867342.0,98953541.0,0,7,1,4.0163830207523885,0,5.0369526024136295,0,16.17550739937302,1,0,0,0,6.07993319509559,0,18.26783894549937,0,13.673189794597237,0,18.410161025228685
14,Australia,54.5,153.0,0,10133494.0,60761.0,49,391627.0,575.0,78835048.0,3024116.0,26068792.0,0,9,1,4.0163830207523885,0,5.0369526024136295,0,16.131356831528446,0,0,2,0,6.3561076606958915,0,18.18286824020487,0,14.922129706009294,0,17.076249486410568
15,Argentina,54.5,153.0,0,9563348.0,15175.0,294,211006.0,2823.0,35716069.0,776264.0,46010234.0,0,9,1,4.0163830207523885,0,5.0369526024136295,0,16.07344853748956,0,0,1,2,7.945909598613133,0,17.391111285523248,0,13.562249235714624,0,17.644374429703916
16,Netherlands,54.5,153.0,0,8362464.0,37229.0,35,489345.0,1316.0,21107399.0,1226358.0,17211447.0,0,11,1,4.0163830207523885,0,5.0369526024136295,0,15.939263798058592,0,0,3,1,7.183111701743281,0,16.865134247862077,0,14.019560174800215,0,16.66108530177797
17,Iran,54.5,153.0,0,7325370.0,78529.0,157,87748.0,1679.0,54095556.0,628851.0,86022837.0,0,4,1,4.0163830207523885,0,5.0369526024136295,0,15.806854360048979,0,0,0,1,7.426549072397305,0,17.80626261475105,0,13.351651213878927,0,18.270123377102994
18,Mexico,54.5,153.0,0,6353953.0,400470.0,4798,53849.0,2509.0,18393211.0,139806.0,131562772.0,0,6,1,4.0163830207523885,0,5.0369526024136295,0,15.664587854251241,0,2,0,1,7.828038032125829,0,16.72749224147058,0,11.848018179059068,0,18.694994656898203
19,Indonesia,54.5,153.0,0,6253317.0,18357.0,2771,23035.0,566.0,108656989.0,389264.0,279134505.0,0,9,1,4.0163830207523885,0,5.0369526024136295,0,15.648622760845651,0,1,0,0,6.340359303727752,0,18.503706597618013,0,12.872015624599237,0,19.44720432397102
20,Taiwan,54.5,153.0,0,5603195.0,803743.0,0,268661.0,461.0,25998416.0,1088319.0,23888595.0,0,6,1,4.0163830207523885,0,5.0369526024136295,0,15.53884770719563,1,0,1,0,6.135564891081739,0,17.073546209516827,0,13.900145780800967,0,16.98891174821544
21,Colombia,54.5,153.0,0,6134690.0,30888.0,342,122443.0,2753.0,36572720.0,709974.0,51512762.0,0,8,1,4.0163830207523885,0,5.0369526024136295,0,15.629470268110536,0,0,0,2,7.9208096792886,0,17.414813192607834,0,13.47298503712996,0,17.75734016017308
22,Poland,54.5,153.0,0,5335940.0,836193.0,3086,166659.0,3114.0,37335609.0,989290.0,37739785.0,0,6,1,4.0163830207523885,0,5.0369526024136295,0,15.489975809544953,1,1,1,2,8.043984431221553,0,17.43545812087478,0,13.804743803928378,0,17.446225427512342
23,Portugal,54.5,153.0,0,5394788.0,70827.0,61,541453.0,2468.0,44988307.0,4436467.0,10140570.0,0,8,1,4.0163830207523885,0,5.0369526024136295,0,15.500944045622242,0,0,3,1,7.81156848934518,0,17.62191319175273,1,15.30536912233847,0,16.13205486617895
24,Ukraine,54.5,153.0,0,4973554.0,94457.0,177,119865.0,2528.0,19521252.0,451963.0,43192122.0,0,7,1,4.0163830207523885,0,5.0369526024136295,0,15.419645434124096,0,0,0,1,7.835579246669965,0,16.787014327462863,0,13.021357809624757,0,17.58116869862579
25,Austria,54.5,153.0,0,5006572.0,91202.0,47,564539.0,2287.0,197543761.0,21787811.0,9066710.0,0,7,1,4.0163830207523885,0,5.0369526024136295,0,15.426262207068334,0,0,4,1,7.7354333524996886,0,19.10147069750712,4,16.896861288845574,0,16.020120132292043
26,Greece,54.5,153.0,0,4836903.0,50178.0,115,476918.0,3209.0,94139966.0,9125063.0,10316637.0,0,6,1,4.0163830207523885,0,5.0369526024136295,0,15.391785404595554,0,0,3,2,8.07402621612406,0,18.360293243395464,2,16.026535471106865,0,16.149268489747627
27,Malaysia,54.5,153.0,0,4777329.0,25174.0,43,145832.0,1096.0,64604259.0,1947021.0,33181072.0,0,8,1,4.0163830207523885,0,5.0369526024136295,0,15.379392370999303,0,0,1,0,7.00033446027523,0,17.98379091085105,0,14.481811583725527,0,17.317490180961975
28,Dprk,54.5,74.0,0,4772739.0,0.0,0,183636.0,3.0,2172044.0,871741.5,25990679.0,0,4,1,4.0163830207523885,0,4.31748811353631,0,15.378431121426592,0,0,1,0,1.3862943611198906,0,14.591179678053388,0,13.67824936111689,0,17.0732485701846
29,Thailand,54.5,153.0,9,4642083.0,6459.0,1496,66801.0,468.0,17270775.0,246450.0,70078203.0,0,8,1,4.0163830207523885,0,5.0369526024136295,0,15.350673961301222,0,0,0,0,6.150602768446279,0,16.664526382523924,0,12.41491846974347,0,18.06512237641013
30,Israel,54.5,153.0,0,4641394.0,8004.0,101,499796.0,1254.0,41373364.0,4436346.0,9326000.0,0,6,1,4.0163830207523885,0,5.0369526024136295,0,15.350525525569044,0,0,3,0,7.134890851565884,0,17.538147874264386,1,15.305341848017974,0,16.048316863577504
31,Chile,54.5,153.0,0,4540886.0,18350.0,124,240017.0,3176.0,45128974.0,2344339.0,19250195.0,0,5,1,4.0163830207523885,0,5.0369526024136295,0,15.328632925383769,0,0,1,2,8.063692634269517,0,17.6250350593804,0,14.667514470354671,0,16.773031800464416
32,Belgium,54.5,153.0,0,4451569.0,49021.0,48,388511.0,2799.0,35555508.0,3047194.0,11668278.0,0,7,1,4.0163830207523885,0,5.0369526024136295,0,15.30876740090873,0,0,2,2,7.937374696163295,0,17.38660566704597,0,14.929732053294568,0,16.272384521236837
33,Canada,54.5,153.0,0,4131367.0,57109.0,99,110280.0,1172.0,64928884.0,1691366.0,38388419.0,0,6,1,4.0163830207523885,0,5.0369526024136295,0,15.234119144957885,0,0,0,0,7.067319848653476,0,17.988803151997782,0,14.341047635675224,0,17.463266409578843
34,Peru,54.5,153.0,0,3914598.0,11948.0,147,122998.0,6429.0,35126382.0,1042815.0,33684208.0,0,4,1,4.0163830207523885,0,5.0369526024136295,0,15.180223455596586,0,0,0,4,8.768729817231666,0,17.374463058508542,0,13.85743530423026,0,17.33253970983905
35,Czechia,54.5,153.0,0,4035333.0,24088.0,39,381910.0,3824.0,56212735.0,5235528.0,10736784.0,0,7,1,4.0163830207523885,0,5.0369526024136295,0,15.21059963197298,0,0,2,2,8.249313746260636,0,17.844653908406745,1,15.470978447802326,0,16.189186254000454
36,Switzerland,54.5,153.0,0,4012833.0,57291.0,54,465520.0,1617.0,22318542.0,2543819.0,8773637.0,0,11,1,4.0163830207523885,0,5.0369526024136295,0,15.205008282831551,0,0,3,1,7.388946097618437,0,16.92092841556892,0,14.749177446221935,0,15.987262101594101
37,South Africa,54.5,153.0,0,3909265.0,7319.0,192,66146.0,1682.0,26174429.0,430811.0,60756135.0,0,12,2,4.0163830207523885,0,5.0369526024136295,0,15.178860190554067,0,0,0,1,7.428333194190806,0,17.080293537979465,0,12.973427079029626,0,17.922378639199586
38,Philippines,54.5,153.0,0,3854478.0,28172.0,696,35069.0,559.0,32796350.0,291500.0,112508994.0,0,11,1,4.0163830207523885,0,5.0369526024136295,0,15.164746406689158,0,0,0,0,6.327936783729195,0,17.305827817165632,0,12.582798715298532,0,18.53854373196803
39,Romania,54.5,153.0,0,3180124.0,20230.0,123,171684.0,3521.0,25094131.0,1318569.0,19031335.0,0,7,1,4.0163830207523885,0,5.0369526024136295,0,14.972431062159915,0,0,1,2,8.166784289056151,0,17.038144591909514,0,14.092058373999516,0,16.76159744174765
40,Denmark,54.5,153.0,0,3093396.0,10370.0,0,533138.0,1211.0,128397719.0,22004939.0,5834950.0,0,7,1,4.0163830207523885,0,5.0369526024136295,0,14.944780397779022,0,0,3,0,7.10002716662926,0,18.67064319205313,4,16.90677753157058,0,15.579376426066847
41,Sweden,54.5,153.0,0,2548125.0,20122.0,13,253298.0,1976.0,18965590.0,1855920.0,10218971.0,0,6,1,4.0163830207523885,0,5.0369526024136295,0,14.750868745001004,0,0,1,1,7.589335823170617,0,16.758136895287663,0,14.43389162676721,0,16.139756550596463
42,Iraq,54.5,153.0,0,2433704.0,923.0,21,58342.0,601.0,19239264.0,456286.0,42164965.0,0,4,1,4.0163830207523885,0,5.0369526024136295,0,14.704925345513013,0,0,0,0,6.400257445308821,0,16.772463800808932,0,13.030877276481155,0,17.557100244634572
43,Serbia,54.5,153.0,0,2298536.0,43994.0,33,272683.0,1965.0,11030499.0,1274758.0,8653016.0,0,6,1,4.0163830207523885,0,5.0369526024136295,0,14.64778339155372,0,0,1,1,7.583756300707112,0,16.216174721117955,0,14.058267699100362,0,15.973418604223488
44,Hungary,54.5,153.0,0,2014175.0,32464.0,18,217998.0,4945.0,11394556.0,1186160.0,9606259.0,0,7,1,4.0163830207523885,0,5.0369526024136295,0,14.515720736724537,0,0,1,3,8.506334448081361,0,16.248646343205895,0,13.986232599748138,0,16.07792552725744
45,Bangladesh,54.5,153.0,0,1964501.0,30626.0,1331,12059.0,175.0,14872260.0,88586.0,167885689.0,0,10,1,4.0163830207523885,0,5.0369526024136295,0,14.49074933605089,0,0,0,0,5.170483995038151,0,16.515008357987355,0,11.39174039896543,0,18.93879388911239
46,Singapore,54.5,153.0,0,1821160.0,81415.0,9,320380.0,272.0,24345019.0,4096043.0,5943546.0,0,9,1,4.0163830207523885,0,5.0369526024136295,0,14.414984767761462,0,0,2,0,5.60947179518496,0,17.00783786912253,0,15.225532187831284,0,15.597816651169985
47,Slovakia,54.5,153.0,0,1817938.0,4827.0,22,337574.0,3746.0,7298163.0,1336613.0,5460193.0,1,8,1,4.0163830207523885,0,5.0369526024136295,0,14.413213999801298,0,0,2,2,8.228710798793687,0,15.803133367636153,0,14.105650108342124,0,15.512994878225403
48,Georgia,54.5,153.0,0,1637293.0,126498.0,0,448679.0,4258.0,16920079.0,4263340.0,3968738.0,1,7,1,4.0163830207523885,0,5.0369526024136295,0,14.308555437051151,0,0,3,3,8.356789669923213,0,16.64401164026356,0,15.265563683165205,0,15.193958969965754
49,New Zealand,54.5,153.0,0,1767660.0,8857.0,0,363292.0,604.0,7544063.0,1540170.0,4898203.0,1,11,2,4.0163830207523885,0,5.0369526024136295,0,14.385167761713415,0,0,2,0,6.405228458030842,0,15.836271586822543,0,14.247404007186482,0,15.404379165279847
50,Hong Kong,54.5,153.0,0,1469240.0,281988.0,8,231630.0,1335.0,54352132.0,7147553.0,7604299.0,1,9,2,4.0163830207523885,0,5.0369526024136295,0,14.200256498881863,0,0,1,1,7.197435354096591,0,17.810994416391576,1,15.782280758239256,0,15.844224434731727
51,Jordan,54.5,153.0,0,1731007.0,1868.0,59,169597.0,1371.0,17201885.0,1669945.0,10300869.0,1,6,1,4.0163830207523885,0,5.0369526024136295,0,14.364214455753675,0,0,1,1,7.22402480828583,0,16.660529586935223,0,14.328301848540798,0,16.14773891565223
52,Ireland,54.5,153.0,0,1648405.0,7343.0,13,331392.0,1575.0,12708583.0,2531490.0,5020199.0,1,7,1,4.0163830207523885,0,5.0369526024136295,0,14.315319318333405,0,0,2,1,7.362645270417825,0,16.357788228619377,0,14.744319015181357,0,15.428980331511745
53,Pakistan,54.5,153.0,3,1536924.0,5058.0,47,6853.0,133.0,30477451.0,132806.0,229488994.0,1,8,1,4.0163830207523885,0,5.0369526024136295,0,14.245294224973613,0,0,0,0,4.897839799950911,0,17.23249768948787,0,11.796652225478676,0,19.25136563424542
54,Norway,54.5,153.0,0,1457108.0,1112.0,20,265327.0,744.0,11002430.0,1996315.0,5511370.0,1,6,1,4.0163830207523885,0,5.0369526024136295,0,14.191964893635125,0,0,1,0,6.61338421837956,0,16.213626806345744,0,14.506814039956057,0,15.522323970505132
55,Kazakhstan,54.5,153.0,0,1378440.0,1338.0,24,72557.0,713.0,11575012.0,602707.0,19205043.0,1,10,1,4.0163830207523885,0,5.0369526024136295,0,14.136463708384952,0,0,0,0,6.570882962339584,0,16.264359281046094,0,13.309188112985165,0,16.770683510829553
56,Finland,54.5,153.0,0,1263711.0,23248.0,21,232754.0,1077.0,11505032.0,2071128.0,5554960.0,1,7,1,4.0163830207523885,0,5.0369526024136295,0,14.049563979626353,0,0,1,0,6.982862751468942,0,16.258295149765612,0,14.543604427187255,0,15.530201960329151
57,Morocco,54.5,153.0,0,1248543.0,114.0,293,33488.0,431.0,12577650.0,332982.0,37772756.0,1,7,1,4.0163830207523885,0,5.0369526024136295,0,14.037488630371719,0,0,0,0,6.068425588244111,0,16.347432066841037,0,12.71584671660838,0,17.447098686464706
58,Bulgaria,54.5,153.0,0,1211397.0,9559.0,43,183892.0,5510.0,10559171.0,1542702.0,6844597.0,1,8,1,4.0163830207523885,0,5.0369526024136295,0,14.007285622545286,0,0,1,4,8.614501373883236,0,16.172505424077325,0,14.24904663064065,0,15.738970285980802
59,Lithuania,54.5,153.0,0,1216151.0,23663.0,12,469298.0,3502.0,10174473.0,3822535.0,2661708.0,1,9,1,4.0163830207523885,0,5.0369526024136295,0,14.011202333696401,0,0,3,2,8.161375023197486,0,16.13539259262499,0,15.156424634661215,0,14.7944789556582
60,Croatia,54.5,153.0,0,1209524.0,5149.0,10,303397.0,4164.0,5225875.0,1287388.0,4059286.0,1,7,1,4.0163830207523885,0,5.0369526024136295,0,14.005738278516827,0,0,2,3,8.334471554600944,0,15.469132997264929,0,14.06812669421119,0,15.216517900392114
61,Lebanon,54.5,153.0,0,1087587.0,117250.0,74,181831.0,1597.0,4795578.0,717380.0,6684849.0,1,7,1,4.0163830207523885,0,5.0369526024136295,0,13.899472958211396,0,0,1,1,7.37650812632622,0,15.38320500979195,0,13.483362359202138,0,15.715354329971749
62,Slovenia,54.5,153.0,0,1145051.0,29202.0,22,568361.0,3282.0,2743244.0,1320115.0,2078034.0,1,8,1,4.0163830207523885,0,5.0369526024136295,0,13.950960608786415,0,0,4,2,8.096512917501594,0,14.824652084195776,0,14.093230169489319,0,14.54693329361785
63,Tunisia,54.5,153.0,0,225011.0,1246.0,99,95104.0,2428.0,4948208.0,410754.0,12046656.0,1,7,1,4.0163830207523885,0,5.0369526024136295,0,12.323909013097719,0,0,0,1,7.795234929002173,0,15.414536250891063,0,12.92575220867996,0,16.30429775202495
64,Guatemala,54.5,153.0,0,1102988.0,688.0,5,60453.0,1065.0,5884813.0,316660.0,18584039.0,1,9,1,4.0163830207523885,0,5.0369526024136295,0,13.913534325384461,0,0,0,0,6.97166860472579,0,15.587885692399642,0,12.66558708001166,0,16.737813705819217
65,Cuba,54.5,153.0,0,1102548.0,101.0,23,98285.0,754.0,14149157.0,1251512.0,11305652.0,1,4,1,4.0163830207523885,0,5.0369526024136295,0,13.913135329759957,0,0,0,0,6.626717749249025,0,16.465165674982657,0,14.039863777334974,0,16.240813424078233
66,Bolivia,54.5,153.0,0,1051789.0,34172.0,220,92406.0,1854.0,2705422.0,225590.0,11992656.0,1,7,1,4.0163830207523885,0,5.0369526024136295,0,13.86600403258125,0,0,0,1,7.5256399750415355,0,14.81076883511658,0,12.326478904193248,0,16.299805103788195
67,Costa Rica,54.5,153.0,0,860711.0,203183.0,52,207012.0,1720.0,4659757.0,899158.0,5182354.0,1,10,2,4.0163830207523885,0,5.0369526024136295,0,13.665515232680495,0,0,1,1,7.450660796211539,0,15.354474073422878,0,13.70921516099662,0,15.460770144125936
68,Uae,54.5,153.0,0,1006369.0,18317.0,0,101870.0,233.0,190586733.0,18904066.0,10081785.0,1,3,1,4.0163830207523885,0,5.0369526024136295,0,13.821860355263023,0,0,0,0,5.455321115357702,0,19.065617945502915,4,16.754887642066045,0,16.126240987452206
69,Ecuador,54.5,153.0,0,964320.0,3564.0,759,55416.0,1982.0,3082403.0,170173.0,18113361.0,1,7,1,4.0163830207523885,0,5.0369526024136295,0,13.779179505716499,0,0,0,1,7.592366128519796,0,14.941220369983354,0,12.044576721995082,0,16.712160455921012
70,Nepal,54.5,153.0,0,986617.0,1077.0,0,33075.0,398.0,5936702.0,196413.0,30225582.0,1,5,1,4.0163830207523885,0,5.0369526024136295,0,13.802038212091325,0,0,0,0,5.988961416889864,0,15.596664486736222,0,12.187979955457706,0,17.224199242947428
71,Belarus,54.5,153.0,0,985592.0,1327.0,0,105381.0,755.0,13646641.0,1446722.0,9432800.0,1,7,1,4.0163830207523885,0,5.0369526024136295,0,13.800998769463444,0,0,0,0,6.628041376179533,0,16.42900404200447,0,14.184811556742497,0,16.059703641257656
72,Panama,54.5,153.0,0,976873.0,1496.0,16,221919.0,1911.0,7062027.0,1588056.0,4446964.0,1,6,1,4.0163830207523885,0,5.0369526024136295,0,13.79211295648493,0,0,1,1,7.555905093611346,0,15.770242820345079,0,14.278021814351586,0,15.307732398987383
73,Uruguay,54.5,153.0,0,976760.0,1177.0,18,281870.0,2141.0,6114822.0,1749083.0,3496016.0,1,7,1,4.0163830207523885,0,5.0369526024136295,0,13.79199727469163,0,0,2,1,7.669495251007694,0,15.62622638146781,0,14.374602780291712,0,15.06713487844597
74,Mongolia,54.5,153.0,0,979439.0,1246.0,192,290954.0,645.0,4030048.0,1193000.0,3378078.0,1,8,1,4.0163830207523885,0,5.0369526024136295,0,13.794736258747797,0,0,2,0,6.470799503782602,0,15.209289092657881,0,13.991982539302668,0,15.032817762695721
75,Latvia,54.5,153.0,0,891237.0,31824.0,5,502506.0,3240.0,7650009.0,4137741.0,1848837.0,1,6,1,4.0163830207523885,0,5.0369526024136295,0,13.700366786384375,0,0,3,2,8.083637203141548,0,15.850217512991406,0,15.235660786382997,0,14.430067891603862
76,Azerbaijan,54.5,153.0,0,810181.0,1071.0,0,79723.0,962.0,7245111.0,703395.0,10300205.0,1,10,1,4.0163830207523885,0,5.0369526024136295,0,13.605014192767324,0,0,0,0,6.870053411798126,0,15.79583759255463,0,13.46367531234108,0,16.147674452999865
77,Saudi Arabia,54.5,153.0,0,803546.0,3492.0,32,22776.0,261.0,44321147.0,1236470.0,35844909.0,1,12,2,4.0163830207523885,0,5.0369526024136295,0,13.596790956537355,0,0,0,0,5.568344503761097,0,17.606972502594914,0,14.027771912372982,0,17.394712134455524
78,Paraguay,54.5,153.0,0,696110.0,366.0,7,98012.0,2680.0,2657506.0,363751.0,7305843.0,1,8,1,4.0163830207523885,0,5.0369526024136295,0,13.453264409359154,0,0,0,2,7.893945138235959,0,14.792899023249333,0,12.804227595734512,0,15.804185133796233
79,Bahrain,54.5,153.0,0,675724.0,3027.0,2,381321.0,852.0,10376306.0,5816370.0,1783983.0,1,7,1,4.0163830207523885,0,5.0369526024136295,0,13.42354146752388,0,0,2,0,6.748759547491679,0,16.155035592050353,1,15.576187085707106,0,14.394359623472008
80,Sri Lanka,54.5,153.0,0,653779.0,223.0,0,31089.0,777.0,6486117.0,300619.0,21575842.0,1,9,2,4.0163830207523885,0,5.0369526024136295,0,13.390526182409735,0,0,0,0,6.656726524178391,0,15.685174758715053,0,12.613602287687216,0,16.887084867171595
81,Kuwait,54.5,153.0,0,655316.0,641.0,3,150336.0,585.0,8365279.0,1909739.0,4380326.0,1,6,1,4.0163830207523885,0,5.0369526024136295,0,13.392874367007588,0,0,1,0,6.373319789577012,0,15.939600364646207,0,14.462477665102424,0,15.29263393710014
82,Dominican Republic,54.5,153.0,0,638911.0,721.0,4,58248.0,397.0,3657057.0,330765.0,11056370.0,1,18,2,4.0163830207523885,0,5.0369526024136295,0,13.367522008696097,0,0,0,0,5.986452005284438,0,15.11216955700028,0,12.709166455712692,0,16.218517380866526
83,Myanmar,54.5,153.0,0,597898.0,5446.0,0,11277.0,352.0,9056450.0,163985.0,55227143.0,1,7,1,4.0163830207523885,0,5.0369526024136295,0,13.30117712234711,0,0,0,0,5.8664680569332965,0,16.01898787942181,0,12.007536337308805,0,17.82696512951369
84,Palestine,54.5,153.0,0,608749.0,6396.0,17,116087.0,1011.0,3078533.0,575907.0,5345541.0,1,9,1,4.0163830207523885,0,5.0369526024136295,0,13.319162953378937,0,0,0,0,6.919683849847411,0,14.93996406761219,0,13.263703204698853,0,15.49177350048087
85,Estonia,54.5,153.0,0,524990.0,74198.0,4,455303.0,2028.0,3536858.0,2675566.0,1321910.0,1,7,1,4.0163830207523885,0,5.0369526024136295,0,13.171136398569677,0,0,3,1,7.615298339825815,0,15.078749603101244,0,14.799671878468164,0,14.094588974888493
86,Moldova,54.5,153.0,0,504142.0,73402.0,49,146863.0,2951.0,3216305.0,801437.0,4013171.0,1,7,1,4.0163830207523885,0,5.0369526024136295,0,13.130615236968447,0,0,1,2,7.990238185720363,0,14.983744054008323,0,13.594162893080245,0,15.205092509033276
87,Cyprus,54.5,153.0,0,578452.0,5681.0,60,478437.0,965.0,9640118.0,7879860.0,1223387.0,1,6,1,4.0163830207523885,0,5.0369526024136295,0,13.268112577717249,0,0,3,0,6.873163834212518,0,16.08144401090888,1,15.879820822084573,0,14.017134617012726
88,Venezuela,54.5,153.0,0,538033.0,840.0,36,18611.0,199.0,3359014.0,114771.0,29266991.0,1,9,1,4.0163830207523885,0,5.0369526024136295,0,13.195677034173096,0,0,0,0,5.298317366548036,0,15.027158334199225,0,11.650702830679542,0,17.191970886048573
89,Egypt,54.5,153.0,0,442182.0,48850.0,122,4857.0,232.0,3693367.0,34792.0,106156692.0,1,5,1,4.0163830207523885,0,5.0369526024136295,0,12.999479102523566,0,0,0,0,5.4510384535657,0,15.12204933685284,0,10.457171496104019,0,18.48042679641033
90,Libya,54.5,153.0,0,500507.0,47.0,101,72008.0,914.0,2481983.0,352517.0,7040745.0,1,5,1,4.0163830207523885,0,5.0369526024136295,0,13.123378861625653,0,0,0,0,6.818924065275521,0,14.72456879831173,0,12.772856963760535,0,15.767224688429327
91,Ethiopia,54.5,153.0,0,471918.0,14073.0,1,4085.0,63.0,5258807.0,43529.0,120812698.0,1,8,1,4.0163830207523885,0,5.0369526024136295,0,13.064562639671491,0,0,0,0,4.1588830833596715,0,15.475414943063033,0,10.681205634546343,0,18.609751962112014
92,Réunion,54.5,893.0,0,418572.0,52871.0,10,520159.0,983.0,1603660.0,1766027.0,908061.0,1,7,1,4.0163830207523885,4,6.795705775173514,0,12.944606586197102,0,0,3,0,6.891625897052253,0,14.287799698438333,0,14.38424351505999,0,13.719067937190651
93,Honduras,54.5,153.0,0,225011.0,1246.0,105,44651.0,1076.0,1528531.0,149544.0,10221247.0,2,8,1,4.0163830207523885,0,5.0369526024136295,0,12.323909013097719,0,0,0,0,6.981934677156389,0,14.239818355651616,0,11.915352629864941,0,16.139979248787522
94,Qatar,54.5,682.0,0,443418.0,6348.0,4,151161.0,229.0,3951470.0,1326034.0,2979915.0,2,5,1,4.0163830207523885,3,6.52649485957079,0,13.002270425945426,0,0,1,0,5.438079308923196,0,15.18959847261504,0,14.097703844553052,0,14.907405670164838
95,Armenia,54.5,153.0,0,430192.0,4000.0,0,149018.0,2922.0,3210961.0,1080416.0,2971966.0,2,7,1,4.0163830207523885,0,5.0369526024136295,0,12.971989224181756,0,0,1,2,7.980365765111246,0,14.982081138682098,0,13.8928576356898,0,14.904734581124224
96,Bosnia And Herzegovina,54.5,153.0,0,376654.0,5878.0,0,122693.0,4966.0,1861041.0,572748.0,3249317.0,2,22,3,4.0163830207523885,0,5.0369526024136295,0,12.839084928089399,0,0,0,3,8.51057131510735,0,14.436647103881276,0,13.258202854351756,0,14.993955686131288
97,Oman,54.5,153.0,0,384669.0,9064.0,2,74755.0,800.0,25000000.0,4695724.0,5323993.0,2,4,1,4.0163830207523885,0,5.0369526024136295,0,12.860141102855792,0,0,0,0,6.68586094706836,0,17.034386422832473,1,15.362163078298336,0,15.487734331524303
98,North Macedonia,54.5,153.0,0,332806.0,435.0,0,164692.0,4581.0,2130257.0,1023520.0,2081304.0,2,15,2,4.0163830207523885,0,5.0369526024136295,0,12.715318021361833,0,0,1,3,8.42989086301344,0,14.571753657110918,0,13.838759201703965,0,14.548505658788146
99,Kenya,54.5,153.0,0,332663.0,79.0,1,6020.0,101.0,3881967.0,69055.0,56215221.0,2,5,1,4.0163830207523885,0,5.0369526024136295,0,12.714888250561298,0,0,0,0,4.624972813284271,0,15.171852799503496,0,11.142673048617807,0,17.844698132282097
100,Zambia,54.5,153.0,0,329375.0,139.0,0,17130.0,206.0,3731374.0,191645.0,19470234.0,2,6,1,4.0163830207523885,0,5.0369526024136295,0,12.704955234326286,0,0,0,0,5.332718793265369,0,15.132287356399429,0,12.163405199210771,0,16.784397447126594
101,Albania,54.5,153.0,0,326729.0,1856.0,0,115886.0,1252.0,1941032.0,677173.0,2866374.0,2,7,1,4.0163830207523885,0,5.0369526024136295,0,12.696889420737842,0,0,0,0,7.133295954896068,0,14.478730863552217,0,13.425683535119548,0,14.868558723193289
102,Botswana,54.5,153.0,0,322955.0,564.0,1,133669.0,1142.0,2026898.0,830300.0,2441162.0,2,8,1,4.0163830207523885,0,5.0369526024136295,0,12.685271370015393,0,0,0,0,7.04141166379481,0,14.522017596861684,0,13.629543564633355,0,14.707985123057197
103,Luxembourg,54.5,153.0,0,283668.0,3867.0,0,449363.0,1748.0,4402293.0,6853194.0,642371.0,2,10,1,4.0163830207523885,0,5.0369526024136295,0,12.555563344470492,0,0,3,1,7.466799475018602,0,15.297636326662053,1,15.740225524854509,0,13.372922854114332
104,Montenegro,54.5,153.0,0,276154.0,1067.0,6,445899.0,4429.0,2624193.0,4178984.0,627950.0,2,10,1,4.0163830207523885,0,5.0369526024136295,0,12.528717581267177,0,0,3,3,8.39615486303918,0,14.780284359240042,0,15.245578952048161,0,13.350217416928484
105,Algeria,54.5,153.0,0,182306.0,81483.0,6,5968.0,152.0,230861.0,5091.0,45350148.0,2,7,1,4.0163830207523885,0,5.0369526024136295,0,12.113447358174213,0,0,0,0,5.030437921392435,0,12.349575408390496,0,8.535425959677298,0,17.629924020076803
106,Nigeria,54.5,153.0,0,258381.0,3846.0,11,1224.0,15.0,5441162.0,25104.0,216746934.0,2,7,1,4.0163830207523885,0,5.0369526024136295,0,12.462194389021528,0,0,0,0,2.772588722239781,0,15.509503382747697,0,10.130822308468806,0,19.194241032809835
107,Zimbabwe,54.5,153.0,0,251281.0,526.0,12,16790.0,365.0,2511501.0,163814.0,15331428.0,2,8,1,4.0163830207523885,0,5.0369526024136295,0,12.4343310934295,0,0,0,0,5.902633333401366,0,14.73639153850877,0,12.006493021299939,0,16.545415462420166
108,China,54.5,153.0,0,242254.0,2969.0,36,173.0,4.0,160000000.0,110461.0,1448471400.0,2,5,1,4.0163830207523885,0,5.0369526024136295,0,12.397746169374896,0,0,0,0,1.6094379124341003,0,18.8906843794481,0,11.612426849393021,4,21.093774631105795
109,Uzbekistan,54.5,153.0,0,241486.0,1076.0,23,7103.0,48.0,1377915.0,40077.0,34382084.0,2,10,1,4.0163830207523885,0,5.0369526024136295,0,12.394570920398122,0,0,0,0,3.8918202981106265,0,14.136082770787718,0,10.598582834314088,0,17.353046201804357
110,Mozambique,54.5,153.0,0,227882.0,116.0,11,6957.0,67.0,1371127.0,41437.0,33089461.0,2,10,1,4.0163830207523885,0,5.0369526024136295,0,12.336587618331267,0,0,0,0,4.219507705176107,0,14.131144316695561,0,10.631953613220428,0,17.314725421077195
111,Brunei,54.5,225.0,0,222140.0,3872.0,3,507906.0,505.0,717784.0,1611437.0,445431.0,2,6,1,4.0163830207523885,1,5.420534999272286,0,12.311067594376595,0,0,3,0,6.226536669287466,0,13.48392536029145,0,14.292637506025587,0,13.006799876756743
112,Martinique,54.5,153.0,0,225011.0,1246.0,8,592424.0,2791.0,828928.0,2215870.0,374087.0,2,10,1,4.0163830207523885,0,5.0369526024136295,0,12.323909013097719,0,0,4,2,7.934513463882263,0,13.627889785093808,0,14.61115611215848,0,12.832246342836996
113,Laos,54.5,758.0,0,225011.0,1246.0,0,28852.0,101.0,1233207.0,164845.0,7481023.0,2,4,1,4.0163830207523885,3,6.63200177739563,0,12.323909013097719,0,0,0,0,4.624972813284271,0,14.025129462160894,0,12.012766983722626,0,15.827880238976652
114,Kyrgyzstan,54.5,153.0,0,196406.0,6686.0,131,30629.0,445.0,1907195.0,283460.0,6728271.0,2,10,1,4.0163830207523885,0,5.0369526024136295,0,12.18794431581522,0,0,0,0,6.100318952020064,0,14.461144658535533,0,12.55482982654929,0,15.72182890787956
115,Iceland,54.5,213.0,0,225011.0,1246.0,2,595371.0,617.0,1996384.0,5780036.0,345393.0,2,7,1,4.0163830207523885,1,5.365976015021851,0,12.323909013097719,0,0,4,0,6.42648845745769,0,14.50684860302502,1,15.569920642012155,0,12.752441073379966
116,El Salvador,54.5,153.0,0,179410.0,18146.0,8,30805.0,646.0,2610114.0,398467.0,6550389.0,2,11,2,4.0163830207523885,0,5.0369526024136295,0,12.097434542223212,0,0,0,0,6.472346294500901,0,14.774904839630887,0,12.895382472858865,0,15.695035147823614
117,Afghanistan,54.5,153.0,0,177850.0,13418.0,1124,4885.0,191.0,1103716.0,27082.0,40754388.0,2,11,1,4.0163830207523885,0,5.0369526024136295,0,12.088701400076566,0,0,0,0,5.2574953720277815,0,13.914194132378606,0,10.206661503755827,0,17.523074097372795
118,Guadeloupe,54.5,989.0,0,225011.0,1246.0,19,482251.0,2474.0,938039.0,2346306.0,399794.0,2,10,1,4.0163830207523885,4,6.897704943128636,0,12.323909013097719,0,0,3,1,7.813995675002791,0,13.751547871002376,0,14.668353160674068,0,12.898707194717106
119,Maldives,54.5,308.0,0,163687.0,21047.0,25,342046.0,569.0,2213831.0,4092223.0,540985.0,2,8,1,4.0163830207523885,1,5.733341276897746,0,12.005717455846396,0,0,2,0,6.345636360828596,0,14.61023550861282,0,15.22459914551339,0,13.20114867949008
120,Trinidad And Tobago,54.5,153.0,0,174214.0,4188.0,18,129816.0,2982.0,834508.0,593287.0,1406585.0,2,19,3,4.0163830207523885,0,5.0369526024136295,0,12.068045447615393,0,0,0,2,8.000684784514748,0,13.63459880692701,0,13.293435226186805,0,14.156676049728178
121,Uganda,54.5,153.0,0,100431.0,65337.0,3,3498.0,75.0,3012408.0,62198.0,48432863.0,2,6,1,4.0163830207523885,0,5.0369526024136295,0,11.517236160557314,0,0,0,0,4.330733340286331,0,14.918250648855913,0,11.038094201427613,0,17.69568914952951
122,Namibia,54.5,153.0,0,164813.0,375.0,0,64260.0,1543.0,1062663.0,403460.0,2633874.0,2,7,1,4.0163830207523885,0,5.0369526024136295,0,12.012572844305648,0,0,0,1,7.342131730584722,0,13.876289520810696,0,12.907835107745722,0,14.78396670381911
123,Ghana,54.5,153.0,0,167307.0,334.0,2,5220.0,45.0,2504017.0,77295.0,32395450.0,2,5,1,4.0163830207523885,0,5.0369526024136295,0,12.027591704122154,0,0,0,0,3.828641396489095,0,14.733407199674692,0,11.255397486794188,0,17.293528569670816
124,Jamaica,54.5,153.0,0,99239.0,49273.0,0,50862.0,1111.0,1183986.0,396633.0,2985094.0,2,7,1,4.0163830207523885,0,5.0369526024136295,0,11.505296437805738,0,0,0,0,7.013915474810528,0,13.98439811463608,0,12.890769220087236,0,14.909142130098054
125,Cambodia,54.5,153.0,0,134745.0,69.0,0,8030.0,178.0,3069567.0,178789.0,17168639.0,2,8,1,4.0163830207523885,0,5.0369526024136295,0,11.811146803729534,0,0,0,0,5.187385805840755,0,14.937047393049491,0,12.093967211745866,0,16.658595021815753
126,Rwanda,54.5,153.0,0,130955.0,77.0,0,9742.0,108.0,5816624.0,427678.0,13600464.0,2,6,1,4.0163830207523885,0,5.0369526024136295,0,11.78261666790109,0,0,0,0,4.6913478822291435,0,15.576230754595162,0,12.96612819317323,0,16.425614541298245
127,Cameroon,54.5,153.0,0,118616.0,1101.0,13,4358.0,69.0,1751774.0,62762.0,27911548.0,2,8,1,4.0163830207523885,0,5.0369526024136295,0,11.683655094228184,0,0,0,0,4.248495242049359,0,14.376140117573787,0,11.047121006851757,0,17.1445511037933
128,Malta,54.5,806.0,0,113195.0,651.0,4,258206.0,1815.0,2060900.0,4641322.0,444033.0,2,5,1,4.0163830207523885,4,6.693323668269949,0,11.636876108437853,0,0,1,1,7.504391559161238,0,14.538653823784383,1,15.350510012871146,0,13.003656415059101
129,Angola,54.5,153.0,0,101155.0,59.0,0,2944.0,55.0,1499795.0,42818.0,35027343.0,2,6,1,4.0163830207523885,0,5.0369526024136295,0,11.524419158681443,0,0,0,0,4.02535169073515,0,14.2208396568236,0,10.664737208297877,0,17.37163957157404
130,Barbados,54.5,559.0,0,101760.0,227.0,0,356034.0,1941.0,765378.0,2657350.0,288023.0,2,8,1,4.0163830207523885,2,6.327936783729195,0,11.530382205569689,0,0,2,1,7.571473648851271,0,13.548126414962908,0,14.792840319893555,0,12.570799088979387
131,French Guiana,54.5,410.0,0,11254.0,82310.0,3,299119.0,1305.0,651257.0,2072951.0,314169.0,2,13,2,4.0163830207523885,2,6.018593214496234,0,9.328567753340833,0,0,2,1,7.174724309836376,0,13.386661156043363,0,14.544484236301793,0,12.657689519659483
132,Drc,54.5,153.0,0,83504.0,7906.0,0,975.0,15.0,846704.0,8890.0,95240792.0,2,3,1,4.0163830207523885,0,5.0369526024136295,0,11.332661789285718,0,0,0,0,2.772588722239781,0,13.649107624892252,0,9.09279480812114,0,18.371918905881746
133,Channel Islands,54.5,202.0,0,90639.0,720.0,0,518868.0,1145.0,1252808.0,7099551.0,176463.0,2,15,2,4.0163830207523885,1,5.313205979041787,0,11.414650895701888,0,0,3,0,7.044032897274685,0,14.040898788100918,1,15.775542241429195,0,12.080872168545929
134,Senegal,54.5,153.0,0,86297.0,108.0,0,5006.0,111.0,1146543.0,64946.0,17653671.0,2,7,1,4.0163830207523885,0,5.0369526024136295,0,11.365561701831945,0,0,0,0,4.718498871295094,0,13.952262758214866,0,11.08132683165554,0,16.686454365030933
135,Malawi,54.5,153.0,0,84872.0,470.0,67,4362.0,133.0,616772.0,30562.0,20180839.0,2,6,1,4.0163830207523885,0,5.0369526024136295,0,11.348911300518559,0,0,0,0,4.897839799950911,0,13.332256325954067,0,10.327545406001606,0,16.82024419739508
136,Ivory Coast,54.5,826.0,0,86338.0,44.0,0,3144.0,30.0,1628106.0,58687.0,27742298.0,2,11,2,4.0163830207523885,4,6.717804695023691,0,11.366036686925185,0,0,0,0,3.4339872044851463,0,14.302928548200567,0,10.979990555616137,0,17.138468846129204
137,Suriname,54.5,153.0,0,225011.0,1246.0,0,135894.0,2321.0,239178.0,400747.0,596831.0,2,8,1,4.0163830207523885,0,5.0369526024136295,0,12.323909013097719,0,0,0,1,7.7501841622578365,0,12.384967504562473,0,12.901088079816802,0,13.299390945737175
138,French Polynesia,54.5,649.0,0,225011.0,1246.0,7,269559.0,2284.0,2172044.0,871741.5,284164.0,2,16,2,4.0163830207523885,3,6.476972362889683,0,12.323909013097719,0,0,1,1,7.734121303328305,0,14.591179678053388,0,13.67824936111689,0,12.55731033435186
139,New Caledonia,54.5,314.0,0,73823.0,15.0,9,254892.0,1079.0,98964.0,340182.0,290915.0,3,13,2,4.0163830207523885,1,5.752572638825633,0,11.20943916097348,0,0,1,0,6.984716320118266,0,11.502521531254835,0,12.7372389870898,0,12.580789844689559
140,Eswatini,54.5,153.0,0,71955.0,13.0,11,61942.0,1200.0,1045903.0,882755.0,1184817.0,3,8,1,4.0163830207523885,0,5.0369526024136295,0,11.183810100082576,0,0,0,0,7.0909098220799835,0,13.86039214119245,0,13.69080411070891,0,13.985099734257865
141,Guyana,54.5,153.0,0,69977.0,78.0,0,89839.0,1613.0,695695.0,876141.0,794045.0,3,6,1,4.0163830207523885,0,5.0369526024136295,0,11.155936185919105,0,0,0,1,7.3864708488298945,0,13.452668062290488,0,13.68328345723829,0,13.58489667305995
142,Belize,54.5,683.0,0,68079.0,64.0,6,166976.0,1657.0,576016.0,1397453.0,412190.0,3,6,1,4.0163830207523885,3,6.52795791762255,0,11.128438763247257,0,0,1,1,7.4133673356952405,0,13.26389245313139,0,14.150162567548362,0,12.929242113138994
143,Fiji,54.5,878.0,0,66302.0,1062.0,0,75035.0,965.0,662620.0,728581.0,909466.0,3,4,1,4.0163830207523885,4,6.778784897685177,0,11.101990424019032,0,0,0,0,6.873163834212518,0,13.403958461675018,0,13.498855458337896,0,13.720613992609698
144,Madagascar,54.5,153.0,0,65242.0,24.0,0,2285.0,48.0,512993.0,17581.0,29178077.0,3,10,1,4.0163830207523885,0,5.0369526024136295,0,11.085874039736575,0,0,0,0,3.8918202981106265,0,13.148019428178076,0,9.774630930411124,0,17.18892823185737
145,Sudan,54.5,153.0,0,57290.0,1034.0,0,1376.0,108.0,562941.0,12240.0,45992020.0,3,5,1,4.0163830207523885,0,5.0369526024136295,0,10.955898822303524,0,0,0,0,4.6913478822291435,0,13.240931882276762,0,9.412546252075513,0,17.643978482886308
146,Mauritania,54.5,995.0,0,61789.0,28.0,0,12814.0,203.0,970892.0,198061.0,4901981.0,3,10,1,4.0163830207523885,4,6.903747257584598,0,11.031496818055025,0,0,0,0,5.318119993844216,0,13.78597154552691,0,12.196335391974426,0,15.40515017109283
147,Cabo Verde,54.5,410.0,0,61890.0,71.0,23,109870.0,722.0,401622.0,707482.0,567678.0,3,10,2,4.0163830207523885,2,6.018593214496234,0,11.033130052302017,0,0,0,0,6.583409222158765,0,12.903269116636075,0,13.469468879942296,0,13.24931139710594
148,Bhutan,54.5,21.0,0,61564.0,145.0,0,78343.0,27.0,2303734.0,2923739.0,787941.0,3,6,1,4.0163830207523885,0,3.091042453358316,0,11.027848806226972,0,0,0,0,3.332204510175204,0,14.650042276821804,0,14.888374176609606,0,13.577179762070191
149,Syria,54.5,153.0,0,54078.0,58.0,0,2959.0,163.0,146269.0,7553.0,19364809.0,3,5,1,4.0163830207523885,0,5.0369526024136295,0,10.898201219421622,0,0,0,0,5.099866427824199,0,11.893209507881133,0,8.929832503272403,0,16.778968059367234
150,Burundi,54.5,38.0,0,49559.0,532.0,0,3971.0,3.0,345742.0,27386.0,12624840.0,3,7,1,4.0163830207523885,0,3.6635616461296463,0,10.810939335743079,0,0,0,0,1.3862943611198906,0,12.753451003479682,0,10.21782372723319,0,16.351176938986985
151,Gabon,54.5,306.0,0,48292.0,93.0,0,20884.0,131.0,1616256.0,693216.0,2331533.0,3,5,1,4.0163830207523885,1,5.726847747587197,0,10.785041901601423,0,0,0,0,4.882801922586371,0,14.295623540071974,0,13.449098360469794,0,14.662036978010738
152,Seychelles,54.5,169.0,0,46446.0,526.0,0,474132.0,1700.0,2172044.0,871741.5,99426.0,3,10,1,4.0163830207523885,0,5.135798437050262,0,10.746067156580358,0,0,3,1,7.438971592395862,0,14.591179678053388,0,13.67824936111689,0,11.507178985538648
153,Andorra,54.5,155.0,0,46011.0,61.0,14,596762.0,2001.0,249838.0,3225256.0,77463.0,3,7,1,4.0163830207523885,0,5.049856007249537,0,10.7366575110159,0,0,4,1,7.601901959875166,0,12.42857198938731,0,14.986523194959418,0,11.257568591291367
154,Curaçao,54.5,282.0,0,44720.0,125.0,3,272623.0,1704.0,496693.0,3000640.0,165529.0,3,7,1,4.0163830207523885,1,5.645446897643238,0,10.70819846893854,0,0,1,1,7.4413203897176174,0,13.115729421296288,0,14.914336490475579,0,12.01690772625421
155,Papua New Guinea,54.5,668.0,0,43982.0,347.0,7,4842.0,72.0,249149.0,26813.0,9292169.0,3,16,3,4.0163830207523885,3,6.505784060128229,0,10.691558474606374,0,0,0,0,4.290459441148391,0,12.425810403709551,0,10.196679418161507,0,16.04468266801287
156,Aruba,54.5,227.0,0,42438.0,249.0,2,398796.0,2109.0,177885.0,1653068.0,107609.0,3,5,1,4.0163830207523885,1,5.429345628954441,0,10.655823029773595,0,0,2,1,7.6544432264701125,0,12.08889817466067,0,14.318144118218727,0,11.586268859194439
157,Mauritius,54.5,153.0,0,38786.0,651.0,0,31741.0,803.0,358675.0,281374.0,1274727.0,3,9,1,4.0163830207523885,0,5.0369526024136295,0,10.565840417922663,0,0,0,0,6.6895992691789665,0,12.790174753002015,0,12.547443578209034,0,14.058243380482537
158,Mayotte,54.5,187.0,0,225011.0,1246.0,0,140582.0,653.0,176919.0,618038.0,286259.0,3,7,1,4.0163830207523885,0,5.236441962829949,0,12.323909013097719,0,0,0,0,6.483107351457199,0,12.083452931982263,0,13.334306841244794,0,12.564655767738207
159,Tanzania,54.5,845.0,0,225011.0,1246.0,7,623.0,13.0,2172044.0,871741.5,63298550.0,3,8,1,4.0163830207523885,4,6.740519359606223,0,12.323909013097719,0,0,0,0,2.6390573296152584,0,14.591179678053388,0,13.67824936111689,0,17.963372995857142
160,Togo,54.5,285.0,0,38528.0,221.0,0,4497.0,33.0,791865.0,91220.0,8680837.0,3,4,1,4.0163830207523885,1,5.655991810819852,0,10.559166483481166,0,0,0,0,3.5263605246161616,0,13.582147464562803,0,11.421040412713825,0,15.976628625755284
161,Isle Of Man,54.5,116.0,0,225011.0,1246.0,0,443335.0,1353.0,150753.0,1758422.0,85732.0,3,11,3,4.0163830207523885,0,4.762173934797756,0,12.323909013097719,0,0,3,1,7.21081845347222,0,11.923404648234095,0,14.379927942618744,0,11.35899309464505
162,Guinea,54.5,449.0,0,36880.0,323.0,8,2715.0,32.0,660107.0,47607.0,13865691.0,3,6,1,4.0163830207523885,2,6.1092475827643655,0,10.515451792270389,0,0,0,0,3.4965075614664802,0,13.400158736979275,0,10.770756093324689,0,16.444928145631494
163,Bahamas,54.5,833.0,0,36070.0,364.0,2,93047.0,2080.0,248846.0,621314.0,400516.0,3,7,1,4.0163830207523885,4,6.726233402358747,0,10.493244497383538,0,0,0,1,7.640603826393634,0,12.424593528758939,0,13.339593478686472,0,12.900511491531029
164,Faeroe Islands,54.5,28.0,0,225011.0,1246.0,5,703959.0,569.0,778000.0,15802409.0,49233.0,3,14,2,4.0163830207523885,0,3.367295829986474,0,12.323909013097719,0,0,4,0,6.345636360828596,0,13.564483088506746,3,16.575673018010995,0,10.804339720721092
165,Lesotho,54.5,706.0,0,25980.0,7804.0,0,15852.0,324.0,431221.0,198199.0,2175699.0,3,7,1,4.0163830207523885,3,6.561030665896573,0,10.165120780630861,0,0,0,0,5.783825182329737,0,12.974378317683591,0,12.197031900878025,0,14.592861009806294
166,Haiti,54.5,857.0,0,31307.0,1569.0,0,2888.0,73.0,132422.0,11337.0,11680283.0,3,5,1,4.0163830207523885,4,6.754604099487962,0,10.35162893492473,0,0,0,0,4.30406509320417,0,11.79375662341025,0,9.33591519488425,0,16.27341285013724
167,Mali,54.5,742.0,0,31591.0,292.0,0,1519.0,35.0,759178.0,35354.0,21473764.0,3,4,1,4.0163830207523885,3,6.610696044717759,0,10.360659202966485,0,0,0,0,3.58351893845611,0,13.539992865199823,0,10.473195104038341,0,16.88234251544982
168,Cayman Islands,54.5,32.0,0,8553.0,22076.0,1,455743.0,476.0,222773.0,3311280.0,67277.0,3,14,2,4.0163830207523885,0,3.4965075614664802,0,9.054154288786854,0,0,3,0,6.1675164908883415,0,12.31391308363682,0,15.012845681547999,0,11.116588567688936
169,Saint Lucia,54.5,391.0,0,28475.0,542.0,0,158865.0,2112.0,210354.0,1136355.0,185113.0,3,11,2,4.0163830207523885,1,5.971261839790462,0,10.256816906223763,0,0,1,1,7.655864017616056,0,12.256551858643464,0,13.94333720945158,0,12.128727130493427
170,Benin,54.5,163.0,0,27322.0,153.0,5,2162.0,13.0,604310.0,47268.0,12784726.0,3,5,1,4.0163830207523885,0,5.099866427824199,0,10.215484117319336,0,0,0,0,2.6390573296152584,0,13.311844245063345,0,10.763609968496873,0,16.363761813331223
171,Somalia,54.5,153.0,0,13182.0,12680.0,0,1616.0,80.0,400466.0,23778.0,16841795.0,3,7,1,4.0163830207523885,0,5.0369526024136295,0,9.48668339975797,0,0,0,0,4.394449154672439,0,12.900386645091986,0,10.076558117215898,0,16.639374211923013
172,Congo,54.5,386.0,0,24006.0,445.0,0,4284.0,67.0,347815.0,59991.0,5797805.0,3,5,1,4.0163830207523885,1,5.958424693029782,0,10.086100733470296,0,0,0,0,4.219507705176107,0,12.759428883294452,0,11.001966498981226,0,15.572990128090217
173,Timor-Leste,54.5,138.0,0,23102.0,13.0,0,16980.0,101.0,278529.0,203391.0,1369429.0,3,11,1,4.0163830207523885,0,4.9344739331306915,0,10.04771775820736,0,0,0,0,4.624972813284271,0,12.537281052476288,0,12.222890430456333,0,14.129905152833839
174,Burkina Faso,54.5,387.0,0,21143.0,101.0,0,979.0,18.0,248995.0,11265.0,22102838.0,3,12,2,4.0163830207523885,1,5.961005339623274,0,9.959111456284125,0,0,0,0,2.9444389791664403,0,12.425192111060785,0,9.329544619454659,0,16.911216619775967
175,Solomon Islands,54.5,153.0,0,16357.0,5034.0,1,29874.0,212.0,5117.0,7096.0,721159.0,3,15,2,4.0163830207523885,0,5.0369526024136295,0,9.702472353294919,0,0,0,0,5.3612921657094255,0,8.540519016719735,0,8.867427438524983,0,13.488616305656137
176,San Marino,54.5,118.0,0,20524.0,121.0,4,609154.0,3462.0,157634.0,4624732.0,34085.0,3,10,2,4.0163830207523885,0,4.77912349311153,0,9.929398934320629,0,0,4,2,8.149890544402423,0,11.968037512967806,1,15.346929197532507,0,10.436642021785183
177,Gibraltar,54.5,108.0,0,16579.0,3405.0,0,596131.0,3204.0,534283.0,15852213.0,33704.0,3,9,1,4.0163830207523885,0,4.6913478822291435,0,9.715952428689286,0,0,4,2,8.07246736935477,0,13.188682811774104,3,16.57881973307517,0,10.42540147328754
178,Liechtenstein,54.5,86.0,0,19403.0,224.0,2,513533.0,2240.0,102174.0,2661682.0,38387.0,3,13,1,4.0163830207523885,0,4.465908118654584,0,9.873234509365107,0,0,3,1,7.714677473800927,0,11.534442308432478,0,14.794469187450261,0,10.555500189737518
179,Grenada,54.5,237.0,0,19248.0,51.0,4,172161.0,2089.0,179808.0,1584560.0,113475.0,3,7,1,4.0163830207523885,1,5.472270673671475,0,9.865214390314636,0,0,1,1,7.644919344958857,0,12.09965045538427,0,14.275817955320965,0,11.639346639799607
180,Nicaragua,54.5,225.0,0,4225.0,14041.0,0,2728.0,33.0,2172044.0,871741.5,6779100.0,3,9,1,4.0163830207523885,1,5.420534999272286,0,8.349011198176003,0,0,0,0,3.5263605246161616,0,14.591179678053388,0,13.67824936111689,0,15.729355055254763
181,Bermuda,54.5,148.0,0,17969.0,37.0,0,293095.0,2389.0,1006083.0,16243126.0,61939.0,3,7,1,4.0163830207523885,0,5.003946305945459,0,9.796458979777604,0,0,2,1,7.779048644925556,0,13.821576125161938,3,16.60318042342366,0,11.033921453527194
182,South Sudan,54.5,138.0,0,17335.0,350.0,1,1534.0,12.0,410280.0,35313.0,11618511.0,3,11,2,4.0163830207523885,0,4.9344739331306915,0,9.760540543216194,0,0,0,0,2.5649493574615367,0,12.924597569778228,0,10.472034764862743,0,16.268110246110837
183,Tajikistan,54.5,125.0,0,17264.0,397.0,0,1786.0,13.0,2172044.0,871741.5,9957464.0,3,10,1,4.0163830207523885,0,4.836281906951478,0,9.756436609824092,0,0,0,0,2.6390573296152584,0,14.591179678053388,0,13.67824936111689,0,16.113833079093272
184,Equatorial Guinea,54.5,183.0,0,16690.0,139.0,5,11367.0,122.0,365697.0,244342.0,1496662.0,3,17,2,4.0163830207523885,0,5.214935757608986,0,9.722624930978418,0,0,0,0,4.812184355372417,0,12.809563135158886,0,12.406328254855993,0,14.218748521158686
185,Tonga,54.5,12.0,0,15638.0,532.0,0,150182.0,111.0,535009.0,4965327.0,107749.0,4,5,1,4.0163830207523885,0,2.5649493574615367,0,9.657523073436215,0,0,1,0,4.718498871295094,0,13.190040717292243,1,15.417989915716444,0,11.587569007965994
186,Samoa,54.5,29.0,0,1605.0,14291.0,4,78743.0,143.0,187397.0,926612.0,202239.0,4,5,1,4.0163830207523885,0,3.4011973816621555,0,7.381501894506707,0,0,0,0,4.969813299576001,0,12.140989976370918,0,13.739291281652584,0,12.217210389940629
187,Dominica,54.5,74.0,0,15651.0,22.0,0,217668.0,1023.0,228799.0,3162653.0,72344.0,4,8,1,4.0163830207523885,0,4.31748811353631,0,9.658353983330302,0,0,1,0,6.931471805599453,0,12.34060353848778,0,14.966922106484493,0,11.189201621171183
188,Djibouti,54.5,189.0,0,15427.0,74.0,0,15441.0,186.0,305941.0,301094.0,1016097.0,4,8,1,4.0163830207523885,0,5.247024072160486,0,9.643939319328119,0,0,0,0,5.231108616854587,0,12.631150820485411,0,12.615181108553136,0,13.83148035916183
189,Marshall Islands,54.5,17.0,0,15166.0,92.0,22,254342.0,283.0,2172044.0,871741.5,60057.0,4,16,2,4.0163830207523885,0,2.8903717578961645,0,9.626877294051397,0,0,1,0,5.648974238161206,0,14.591179678053388,0,13.67824936111689,0,11.003066040949562
190,Car,54.5,113.0,0,14520.0,280.0,2,2973.0,23.0,81294.0,16205.0,5016678.0,4,3,1,4.0163830207523885,0,4.736198448394496,0,9.583351156530737,0,0,0,0,3.1780538303479458,0,11.305839793029655,0,9.693136823020671,0,15.428278718959788
191,Monaco,54.5,63.0,0,14478.0,67.0,4,367192.0,1584.0,78646.0,1976875.0,39783.0,4,6,1,4.0163830207523885,0,4.1588830833596715,0,9.58045460278142,0,0,2,1,7.368339686311381,0,11.272724764084428,0,14.4970283788908,0,10.591220100394574
192,Gambia,54.5,372.0,0,12028.0,108.0,0,4889.0,145.0,155686.0,60851.0,2558482.0,4,6,1,4.0163830207523885,1,5.921578419643816,0,9.395075679994072,0,0,0,0,4.983606621708336,0,11.955602860437757,0,11.01619996558302,0,14.754925062686937
193,Saint Martin,54.5,63.0,0,1399.0,10516.0,7,301485.0,1586.0,112382.0,2828643.0,39730.0,4,12,2,4.0163830207523885,0,4.1588830833596715,0,7.24422751560335,0,0,2,1,7.369600720526409,0,11.629667959451364,0,14.855308002845982,0,10.589887018388692
194,Greenland,54.5,21.0,0,2761.0,9189.0,4,210117.0,369.0,164926.0,2894810.0,56973.0,4,9,1,4.0163830207523885,0,3.091042453358316,0,7.923710333969238,0,0,1,0,5.91350300563827,0,12.013258230741812,0,14.878430381883982,0,10.950350302402153
195,Yemen,54.5,153.0,0,9124.0,654.0,23,383.0,69.0,329592.0,10579.0,31154867.0,4,5,1,4.0163830207523885,0,5.0369526024136295,0,9.118773178450692,0,0,0,0,4.248495242049359,0,12.70561383892785,0,9.26672070541229,0,17.254481067071367
196,Vanuatu,54.5,14.0,0,11894.0,22.0,0,37069.0,44.0,24976.0,77606.0,321832.0,4,7,1,4.0163830207523885,0,2.70805020110221,0,9.383873422737057,0,0,0,0,3.8066624897703196,0,10.125710680390595,0,11.259412908288544,0,12.68178805644928
197,Caribbean Netherlands,54.5,36.0,0,10476.0,723.0,0,421623.0,1351.0,30126.0,1130559.0,26647.0,4,21,2,4.0163830207523885,0,3.6109179126442243,0,9.256937657352966,0,0,2,1,7.20934025660291,0,10.313177058630728,0,13.938223643152918,0,10.190469379873516
198,Sint Maarten,54.5,87.0,0,10773.0,3.0,10,247077.0,1979.0,62056.0,1411454.0,43966.0,4,12,2,4.0163830207523885,0,4.477336814478207,0,9.28489110324048,0,0,1,1,7.590852123688581,0,11.035808596518118,0,14.16013164518979,0,10.691194631509694
199,Eritrea,54.5,103.0,0,10063.0,3.0,0,2777.0,28.0,23693.0,6470.0,3662244.0,4,7,1,4.0163830207523885,0,4.6443908991413725,0,9.216719978940223,0,0,0,0,3.367295829986474,0,10.072977130514705,0,8.775085935057266,0,15.113586905310179
200,Niger,54.5,312.0,0,8890.0,729.0,1,381.0,12.0,254538.0,9759.0,26083660.0,4,5,1,4.0163830207523885,1,5.746203190540153,0,9.09279480812114,0,0,0,0,2.5649493574615367,0,12.447209344882706,0,9.186047679407139,0,17.07681966093784
201,Micronesia,54.5,29.0,0,157.0,9573.0,1,83063.0,247.0,21923.0,186596.0,117489.0,4,10,1,4.0163830207523885,0,3.4011973816621555,0,5.062595033026967,0,0,0,0,5.5134287461649825,0,9.995337206166006,0,12.136706490095724,0,11.674108502561618
202,Antigua And Barbuda,54.5,146.0,0,8923.0,29.0,1,91429.0,1467.0,18901.0,189943.0,99509.0,4,19,3,4.0163830207523885,0,4.990432586778736,0,9.096499555552423,0,0,0,1,7.291656209174461,0,9.847023015555001,0,12.154484570857079,0,11.508013420609208
203,Guinea-Bissau,54.5,175.0,0,8301.0,320.0,6,4263.0,85.0,145231.0,70385.0,2063367.0,4,13,1,4.0163830207523885,0,5.170483995038151,0,9.024251728612985,0,0,0,0,4.454347296253507,0,11.886087742766408,0,11.161749658733775,0,14.539850157143936
204,Comoros,54.5,161.0,0,8305.0,5.0,0,9335.0,177.0,2172044.0,871741.5,907419.0,4,7,1,4.0163830207523885,0,5.087596335232384,0,9.024733424190698,0,0,0,0,5.181783550292085,0,14.591179678053388,0,13.67824936111689,0,13.718360686965354
205,Liberia,54.5,294.0,0,7636.0,31.0,2,1501.0,55.0,139824.0,26356.0,5305117.0,4,7,1,4.0163830207523885,1,5.68697535633982,0,8.940760134888384,0,0,0,0,4.02535169073515,0,11.848146919689789,0,10.179489173338517,0,15.484182572949669
206,Sierra Leone,54.5,126.0,0,225011.0,1246.0,0,933.0,15.0,259958.0,31296.0,8306436.0,4,12,2,4.0163830207523885,0,4.844187086458591,0,12.323909013097719,0,0,0,0,2.772588722239781,0,12.468279205255234,0,10.351277525289294,0,15.93254131435807
207,Chad,54.5,193.0,0,4874.0,2516.0,0,435.0,11.0,191341.0,10988.0,17413580.0,4,4,1,4.0163830207523885,0,5.267858159063328,0,8.491875383431948,0,0,0,0,2.4849066497880004,0,12.161817681775,0,9.304650051446924,0,16.67276097698096
208,British Virgin Islands,54.5,64.0,0,225011.0,1246.0,0,238757.0,2092.0,107339.0,3508269.0,30596.0,4,22,3,4.0163830207523885,0,4.174387269895637,0,12.323909013097719,0,0,1,1,7.646353722445999,0,11.58375664573082,0,15.070633596445134,0,10.328657243918627
209,St. Vincent Grenadines,54.5,115.0,0,6641.0,356.0,0,63756.0,1031.0,100856.0,904125.0,111551.0,4,22,3,4.0163830207523885,0,4.7535901911063645,0,8.801168401936692,0,0,0,0,6.939253946041508,0,11.521458950988468,0,13.714724010192723,0,11.622246128879693
210,Saint Kitts And Nevis,54.5,46.0,0,6482.0,13.0,0,121420.0,854.0,124861.0,2317778.0,53871.0,4,21,4,4.0163830207523885,0,3.8501476017100584,0,8.776938645174996,0,0,0,0,6.75110146893676,0,11.734964406427542,0,14.656119957525567,0,10.894366141400855
211,Cook Islands,54.5,1.0,0,6384.0,4.0,0,363610.0,57.0,19690.0,1120596.0,17571.0,4,12,2,4.0163830207523885,0,0.6931471805599453,0,8.76170676846664,0,0,2,0,4.060443010546419,0,9.88791695754517,0,13.92937213697249,0,9.77406200509567
212,Turks And Caicos,54.5,36.0,0,6321.0,23.0,4,160539.0,906.0,550093.0,13841952.0,39741.0,4,16,3,4.0163830207523885,0,3.6109179126442243,0,8.751790892775563,0,0,1,0,6.810142450115136,0,13.217844451696267,3,16.4432146109151,0,10.590163841965762
213,Sao Tome And Principe,54.5,77.0,0,6132.0,21.0,0,27363.0,338.0,29036.0,127530.0,227679.0,4,21,4,4.0163830207523885,0,4.356708826689592,0,8.721439305625983,0,0,0,0,5.82600010738045,0,10.276326157817198,0,11.756114751282448,0,12.33569641332368
214,Palau,54.5,6.0,0,5444.0,10.0,1,299457.0,329.0,64681.0,3547469.0,18233.0,4,5,1,4.0163830207523885,0,1.9459101490553132,0,8.602453035367061,0,0,2,0,5.799092654460526,0,11.077238234672478,0,15.081745231320957,0,9.811043262144848
215,St. Barth,54.5,6.0,0,225011.0,1246.0,0,531423.0,603.0,78646.0,7908095.0,9945.0,4,9,2,4.0163830207523885,0,1.9459101490553132,0,12.323909013097719,0,0,3,0,6.403574197934815,0,11.272724764084428,1,15.883397602804424,0,9.204925739274683
216,Nauru,54.5,1.0,0,4605.0,5.0,0,422911.0,92.0,20509.0,1881042.0,10903.0,4,5,1,4.0163830207523885,0,0.6931471805599453,0,8.43511508038063,0,0,3,0,4.532599493153256,0,9.928667851066427,0,14.447336968202633,0,9.296884973376368
217,Anguilla,54.5,12.0,0,3848.0,5.0,4,253775.0,788.0,51382.0,3373736.0,15230.0,4,8,1,4.0163830207523885,0,2.5649493574615367,0,8.255568653283746,0,0,1,0,6.670766320845874,0,10.847062657437341,0,15.031531590027935,0,9.631088103615504
218,Kiribati,54.5,13.0,0,2703.0,714.0,3,27792.0,105.0,2172044.0,871741.5,123419.0,4,8,1,4.0163830207523885,0,2.6390573296152584,0,7.902487437162855,0,0,0,0,4.663439094112067,0,14.591179678053388,0,13.67824936111689,0,11.723348451875058
219,Saint Pierre Miquelon,54.5,1.0,0,2449.0,738.0,1,553568.0,174.0,24902.0,4324015.0,5759.0,4,21,3,4.0163830207523885,0,0.6931471805599453,0,7.803843303538772,0,0,3,0,5.1647859739235145,0,10.122743557123146,0,15.279695158011911,0,8.658692753689937
220,Falkland Islands,54.5,153.0,0,1886.0,0.0,0,532919.0,777.0,8632.0,2439107.0,3539.0,4,16,2,4.0163830207523885,0,5.0369526024136295,0,7.54274354536855,0,0,3,0,6.656726524178391,0,9.063347348235522,0,14.707142956660512,0,8.17188200612782
221,Montserrat,54.5,8.0,0,1353.0,35.0,0,281168.0,1611.0,17579.0,3540584.0,4965.0,4,10,1,4.0163830207523885,0,2.1972245773362196,0,7.21081845347222,0,0,1,1,7.385230923066573,0,9.774517171239168,0,15.079802525694268,0,8.510369966068112
222,Saint Helena,54.5,153.0,0,2.0,1353.0,0,221586.0,777.0,2172044.0,871741.5,6115.0,4,12,2,4.0163830207523885,0,5.0369526024136295,0,1.0986122886681098,0,0,1,0,6.656726524178391,0,14.591179678053388,0,13.67824936111689,0,8.718663567048953
223,Macao,793.0,6.0,0,787.0,0.0,0,1188.0,9.0,7850.0,11760.0,667490.0,4,5,1,6.677083461247136,0,1.9459101490553132,0,6.669498089857879,0,0,0,0,2.302585092994046,0,8.968396191198256,0,9.372544251851037,0,13.411281186019576
224,Wallis And Futuna,761.0,7.0,0,438.0,316.0,0,69295.0,637.0,20508.0,1867419.0,10982.0,4,17,3,6.635946555686647,0,2.0794415416798357,0,6.0844994130751715,0,0,0,0,6.45833828334479,0,9.928619093173733,0,14.440068357052793,0,9.304103901788347
225,Diamond Princess,712.0,13.0,0,699.0,0.0,0,117976.0,777.0,2172044.0,871741.5,5816377.5,4,16,2,6.569481420414296,0,2.6390573296152584,0,6.551080335043404,0,0,0,0,6.656726524178391,0,14.591179678053388,0,13.67824936111689,0,15.5761883751701
226,Niue,80.0,153.0,0,80.0,0.0,0,49322.0,777.0,2172044.0,871741.5,1622.0,4,4,1,4.394449154672439,0,5.0369526024136295,0,4.394449154672439,0,0,0,0,6.656726524178391,0,14.591179678053388,0,13.67824936111689,0,7.392031567514591
227,Vatican City,29.0,153.0,0,29.0,0.0,0,36295.0,777.0,2172044.0,871741.5,799.0,4,12,2,3.4011973816621555,0,5.0369526024136295,0,3.4011973816621555,0,0,0,0,6.656726524178391,0,14.591179678053388,0,13.67824936111689,0,6.684611727667927
228,Tuvalu,20.0,153.0,0,225011.0,20.0,0,1658.0,777.0,2172044.0,871741.5,12066.0,4,6,1,3.044522437723423,0,5.0369526024136295,0,12.323909013097719,0,0,0,0,6.656726524178391,0,14.591179678053388,0,13.67824936111689,0,9.3982297330736
229,Western Sahara,10.0,1.0,0,9.0,0.0,0,16.0,2.0,2172044.0,871741.5,626161.0,4,14,2,2.3978952727983707,0,0.6931471805599453,0,2.302585092994046,0,0,0,0,1.0986122886681098,0,14.591179678053388,0,13.67824936111689,0,13.347364402545422
230,Ms Zaandam,9.0,2.0,0,7.0,0.0,0,117976.0,777.0,2172044.0,871741.5,5816377.5,4,10,2,2.302585092994046,0,1.0986122886681098,0,2.0794415416798357,0,0,0,0,6.656726524178391,0,14.591179678053388,0,13.67824936111689,0,15.5761883751701
